{
  "testimonials": [
    {
      "id": 1,
      "title": "Even our CEO was incredibly impressed with them as a team.",
      "designation": "Product Owner",
      "company": "Fintech Company",
      "link": "#"
    },
    {
      "id": 2,
      "title": "They held everybody accountable. They also made sure things moved on time.",
      "designation": "President",
      "company": "1West Finance",
      "link": "#"
    },
    {
      "id": 3,
      "title": "Everybody is super happy with their work.",
      "designation": "Chief Product Office",
      "company": "E-Commerce Technology Company",
      "link": "#"
    },
    {
      "id": 4,
      "title": "Working with them was a great experience.",
      "designation": "CEO",
      "company": "E-Commerce Technology Company",
      "link": "#"
    }
  ]
}
